rating,snippet,response.date,response.snippet,Fecha,Ciudad,Dirección,Establecimiento
1.0,"Fui a urgencias el jueves 22/02 trasladada en ambulancia por un dolor en la pierna izquierda, por una ciática  y al llegar al hospital lo primero que dijeron que porque me habían llevado allí si ellos tenían las ambulancias paradas porque no tenían camas, y así tuve que quedarme en un box de urgencias a pasar la noche, sin dormir por todo el ruido y la incomodidad, sin baño, sin poderse quedar un acompañante, en fin una vergüenza y al otro día luego de hacerme una epidural y una radiofrecuencia me mandaron a casa una hora después de ese proceso tan doloroso sin haberme dejado en la REA por lo menos un tiempo prudente para darme el alta. Un trato inhumano por lo menos del Dr de urgencias quien fue que decidió darme el alta. Soy cliente de Sanitas desde hace más de 7 años, y este trato no se lo merece nadie",,,2024-03-01 19:54:54.764180,Madrid,"Calle de Pleyades, 25",Hospital Universitario La Zarzuela
1.0,"Mi experiencia fue nefasta acudí 2 años atrás para una operación de nariz tanto estética como por salud, de la cual me salió horrible, la nariz se me quedo mas torcida, las fosas nasales desiguales y el tabique también torcido de tal manera que se veía a simple vista, a eso que vuelvo para las revisiones y efectivamente el médico (Doctor Antonio Lara Peinado ) me dice que han salido muchas cosas mal y que me van a tener que volver a operar, asi que pasado un año me volví a someter a otra cirugía para reparar los fallos que habían cometido… , un año mas tarde y después de dos cirugías mi nariz se sigue viendo torcida la punta con desniveles y en el tabique con bolas de cartílagos a la que vuelvo a la clínica para la revisión y adivinen que me dice? Que me tienen que volver a operar para arreglarlo otra vez .
PERO VOSOTROS DE VERDAD SOIS CONSIENTES DE QUE YO A PARTE DE PAGAR 5.000€ POR ALGO QUE ME TENIA QUE SALIR BIEN DESDE EL PRIMER MOMENTO ME TENGA QUE SOMETER A 3 OPERACIÓNES????
2 AÑOS SEGUIDOS A ANESTESIA A RECUPERACIONES DOLOROSAS A VERME CONSTANTEMENTE MAL CON MI NARIZ… QUE VERGÜENZA DE VERDAD MUCHO PRIVADO, PRIVADO Y LUEGO PERSONAS NO CUALIFICADAS EN EL ÁMBITO
TENGAN MUCHO CUIDADOO CON QUIEN SE OPEREN
TOMARE MEDIDAS LEGALES…
ESTO ES UNA VERGÜENZA",,,2024-02-27 19:54:54.764180,Madrid,"Calle de Pleyades, 25",Hospital Universitario La Zarzuela
5.0,"He estado 10 días ingresado por una buena neumonía. No tengo palabras, como siempre, para agradecer el trato y la atención a todo el personal. Desde el Dr. Del Portillo, pasando por todo el personal de enfermería, auxiliares, celadores, limpieza, que tan bien me han hecho sentir en estos días difíciles. Admiro vuestra profesionalidad y os felicito por el desarrollo de vuestro trabajo.",,,2024-02-27 19:54:54.764180,Madrid,"Calle de Pleyades, 25",Hospital Universitario La Zarzuela
5.0,"Estuvimos ayer en urgencias a las 20:00, el trato increíble, la chica de recepción muy amable, quiero hacer mención especial al doctor que nos atendió, el Doctor Enrique Machuca, fue muy atento, rápido y profesional, un 10 en todo.",6 days ago,"Hola Maria,
¡Gracias por una reseña tan positiva, que transmitiremos al equipo médico que te atendió! Significa mucho para nosotros saber que has tenido una buena experiencia.",2024-03-01 19:54:54.764180,Madrid,"Calle de Pleyades, 25",Hospital Universitario La Zarzuela
5.0,"Como siempre hay de todo, puedes tener más suerte o menos, al final me que quedo con el resultado global para la valoración, mención especial a dos enfermeras de UCI excepcionales, Helen y Fabiola, gracias por vuestro trabajo y dedicación, sois profesionales de 10.",a week ago,"Hola M,
Gracias por dedicarnos tiempo y comunicarnos tu opinión, que trasladaremos al equipo médico y de enfermería.",2024-02-18 19:54:54.764180,Madrid,"Calle de Pleyades, 25",Hospital Universitario La Zarzuela
1.0,"Aboné 2.500€ por una cirugía de mohs en la oreja y me indicaron que en ese pago se incluía cualquier consulta que tuviese relación con la intervención. Me operé y a la semana acudí a que me realizasen las curas. El cirujano me comentó que acudiese al terminar la cura a la consulta del otorrino del mismo hospital, ya que quería asegurarse de que no había restos obstruyendo el conducto auditivo. Fui a dicha consulta, le comenté la situación a las recepcionistas (haciéndoles hincapié en que no tenia seguro y que la operación la había pagado por mi cuenta)y me dijeron que no había problema y el otorrino tenia un hueco para verme. Pasé a la consulta y me dijo que no tenia nada en el oido (fueron 30 segundos de consulta) y al salir la chica de recepción me llama y me dice que no me puedo ir sin abonar la consulta, que son 120€. Le explico la situación y que cuando pague la operación me aseguraron que todo lo que guardase relación con la misma estaba incluido y me dijo que no. Así que tuve que abonar 120€ a pesar de lo que me dijeron el primer dia y ademas de no haberme avisado la recepcionista previamente de lo que tendria que abonar. Me siento robado y estafado",a week ago,"Nos importa mucho tu opinión y nos gustaría darte una atención personal. Para ello, si lo deseas, por favor mándanos un Email a teescuchamos-zarzuela@sanitas.es con tus datos de contacto. Muchas gracias. [+info. sobre como tratamos tus datos personales en www.sanitas.es/gdpr]",2024-02-18 19:54:54.764180,Madrid,"Calle de Pleyades, 25",Hospital Universitario La Zarzuela
5.0,"Hemos llevado  todo el embarazo en el hospital. Y desde el equipo de ginecología y obstetricia hasta el feliz momento del nacimiento, el trato ha sido excelente! Entramos por urgencias por lo que también os transmitimos que fue el mismo trato. Matronas, ginecólog@s, enfermer@s, celador@s, personal de limpieza en fin ,todos con un un trato amabilísimo y cercano!
Nos gustaría reseñar a la matrona Maricela! Que encanto, que seguridad y que magnifica profesional!
Las instalaciones de 10! Mil gracias de parte del nuevo miembro de la familia,
Gabriel!!!",a week ago,"Hola Sergio,
¡Tus palabras significan mucho para nosotros! Nos alegra saber que estás contento con el servicio ofrecido :)
¡Todo el equipo de Hospital Sanitas La Zarzuela te desea un excelente día!",2024-02-18 19:54:54.765177,Madrid,"Calle de Pleyades, 25",Hospital Universitario La Zarzuela
1.0,Un análisis de sangre privado 219€ y sin resultados……en laboratorio no te cogen el teléfono y no contestan a los emails,2 weeks ago,"Sentimos la valoración obtenida. Estamos comprometidos con el aprendizaje y la mejora continua; por eso, por favor, ponte en contacto con nosotros en teescuchamos-zarzuela@sanitas.es con tus datos, para conocer mejor la situación.  [+info. sobre como tratamos tus datos personales en www.sanitas.es/gdpr]",2024-02-11 19:54:54.765177,Madrid,"Calle de Pleyades, 25",Hospital Universitario La Zarzuela
5.0,"El día 30 de enero tuve consulta con Dermatología y me atendió la doctora Natalia del Olmo. Acudí a consulta porque me apareció un bultito en la cara con una pequeña mancha y me diagnosticó queratosis seborreica. Me explicó que me lo podía disimular en consulta quemando el tejido con nitrógeno (crioterapia) allí mismo, pero que no me iba a desaparecer al 100%.

Casi 15 días después, ya no tengo absolutamente NADA, mi piel ha quedado perfecta. Muchas gracias a la doctora Natalia por su profesionalidad y su buen trato. Me ha quitado un gran complejo que tenía y que me estaba atormentando.",2 weeks ago,"Hola Noelia,
Gracias por dedicarnos tiempo y comunicarnos tu opinión, la cual trasladaremos al equipo médico.
Que tengas un buen día.",2024-02-11 19:54:54.765177,Madrid,"Calle de Pleyades, 25",Hospital Universitario La Zarzuela
1.0,Increíble llamar continuamente y son incapaces de contestar el telefono. Vergonzoso,2 weeks ago,"Sentimos la valoración obtenida. Estamos comprometidos con el aprendizaje y la mejora continua; por eso, por favor, si lo deseas, ponte en contacto con nosotros en teescuchamos-zarzuela@sanitas.es con tus datos, para conocer mejor la situación.  [+info. sobre como tratamos tus datos personales en www.sanitas.es/gdpr]",2024-02-11 19:54:54.765177,Madrid,"Calle de Pleyades, 25",Hospital Universitario La Zarzuela
1.0,,2 weeks ago,"Nos importa mucho tu opinión y nos gustaría darte una atención personal. Para ello, por favor, si lo deseas, puedes mandarnos un Email a teescuchamos-zarzuela@sanitas.es. Muchas gracias. [+info. sobre como tratamos tus datos personales en www.sanitas.es/gdpr]",2024-02-11 19:54:54.765177,Madrid,"Calle de Pleyades, 25",Hospital Universitario La Zarzuela
5.0,"Los mejores profesionales que he visto, en la UCI de neonatos no nos han podido tratar mejor y con mucho cariño todos y cada uno de ellos",2 weeks ago,Muchas gracias por compartir tu experiencia que nos anima a seguir mejorando la atención que os prestamos como pacientes.,2024-02-11 19:54:54.765177,Madrid,"Calle de Pleyades, 25",Hospital Universitario La Zarzuela
5.0,"Quiero  destacar la atención y profesionalidad recibida por  la enfermera Menchú.
Muchas gracias por tu amabilidad .",3 weeks ago,"Gracias por la confianza que depositas en nosotros, pues nos ayuda a seguir prestando el mejor servicio desde nuestros centros.",2024-03-01 19:54:54.765177,Madrid,"Calle de Pleyades, 25",Hospital Universitario La Zarzuela
1.0,"Muy mal servicio de las enfermeras (dos chicas jóvenes) que sacan sangre en laboratorio en lo referente a niños pequeños. Falta absoluta de empatía y escasas de educación.
Han pinchado en los 2 brazos a un bebé de 18 meses porque no eran capaces de sacarle sangre, moviendo la aguja para todos lados dentro de la vena. El bebé pobrecito no paraba de chillar y ellas ni un mínimo de empatía de decirle una palabra cariñosa o de darnos a los padres explicación alguna. Ellas seguían y seguían removiendo la aguja.
Cuando pido que, por favor, llamen a otra persona si ellas no son capaces me contestan: toma el volante y vete a otro sitio.
Al final nos hemos tenido que ir, el bebé con los brazos fatal y sin la analítica.",3 weeks ago,"Sentimos la valoración obtenida. Estamos comprometidos con el aprendizaje y la mejora continua; por eso, si lo deseas, por favor, ponte en contacto con nosotros en teescuchamos-zarzuela@sanitas.es con tus datos, para conocer mejor la situación.  [+info. sobre como tratamos tus datos personales en www.sanitas.es/gdpr]",2024-03-01 19:54:54.765177,Madrid,"Calle de Pleyades, 25",Hospital Universitario La Zarzuela
5.0,El Doctor Torres  de la unidad de mama y su enfermera son excelentes! La recepcionista súper amable y atenta.,3 weeks ago,Hola Emily. Queremos agradecerte tus opiniones y sugerencias con el fin de seguir mejorando para ofrecerte el mejor servicio. Transmitiremos tus comentarios al doctor y a su equipo. Gracias por tu colaboración.,2024-03-01 19:54:54.765177,Madrid,"Calle de Pleyades, 25",Hospital Universitario La Zarzuela
1.0,"Esta valoración  la hago para que otras personas puedan  evitar el sufrimiento por el que  pasó mi madre y sus familiares aquí. Mi madre falleció hace unos días en este hospital en el que, desde el primer momento, te transmiten la impresión que no merece la pena luchar por la vida de los ancianos. Palabras de las doctoras de medicina interna que la trataron ( Doctoras San Miguel y Roa Ballesteros) tales como prepárense para lo peor, es un cuadro complicado, sería conveniente dar morfina para que sufra menos, prepárense para llevársela a casa y les diremos lo que hacer o atendemos a su madre por caridad(después de haber pagado puntualmente en Sanitas durante 47 años), cuando sabes que no se estaban poniendo todos los medios en pruebas médicas( murió sin diagnóstico definitivo sobre el origen de la enfermedad que le provocó el fallecimiento después de estar más de un mes ingresada y haberse agravado su estado por un error en el manejo de enfermería), califica por si sólo la ética, interés  y profesionalidad en la actuación. Valoración aparte se merece el personal de enfermería, salvo excepciones, jóvenes, inexpertos en el manejo de determinados pacientes vulnerables, hasta el punto de dar una enfermera antibiótico por vena   5  minutos antes de morir, nos dijeron porque estaba pautado, cuando sabía que estaba agonizando. Ver morir a una persona y el sufrimiento de sus familiares , para esta gente, da la impresión que es un día más en la oficina.
La gestión del hospital lamentable también. Con 86 años estuvo en un box de urgencias sin darle cama en planta durante 4 días, porque había otras preferencias hospitalarias(excusa del departamento de atención al cliente del hospital)
De todo lo que menciono hay varios testigos. Si se plantean ir a este hospital, con su familiar anciano, no  lo hagan, podrán arrepentirse toda su vida, como yo lo hago por haber llevado a mi madre.
Y a los directivos de este hospital y sanitas en general preguntarles si esta calidad de asistencia sanitaria la hubieran deseado para sus padres ,en una empresa como Sanitas que se autovende como referente de la sanidad en España.",a year ago,"Hola Antonio. Por favor, escríbenos a  teescuchamos-zarzuela@sanitas.es con tus datos y así conocer la situación de primera mano. Muchas gracias. [+info. sobre como tratamos tus datos personales en www.sanitas.es/gdpr]",2024-03-01 19:54:54.765177,Madrid,"Calle de Pleyades, 25",Hospital Universitario La Zarzuela
1.0,"Rogamos a las personas recepcionistas que sean más amables y no tan austeras y parcas en palabras, consulta telefónica para ir a Urología, nos han mandado al sitio equivocado y con los modales justos.",3 weeks ago,"Nos importa mucho tu opinión y nos gustaría darte una atención personal. Para ello, por favor, si lo deseas, mándanos un Email a teescuchamos-zarzuela@sanitas.es con tus datos de contacto. Muchas gracias. [+info. sobre como tratamos tus datos personales en www.sanitas.es/gdpr]",2024-03-01 19:54:54.765177,Madrid,"Calle de Pleyades, 25",Hospital Universitario La Zarzuela
5.0,Mejor imposible super recomendable,a month ago,Muchas gracias por tu confianza. Tu comentario nos anima a prestar siempre el mejor servicio.,2024-03-01 19:54:54.765177,Madrid,"Calle de Pleyades, 25",Hospital Universitario La Zarzuela
5.0,"El 27 de diciembre, entre en urgencias y tuve que pasar por quirofano de forma urgente, quería expresar mi agradecimiento, a todos los profesionales que me atendieron, tanto en urgencias,  en el quirofano,  en la UCI y en la primera planta del hospital, a parte de grandes profesionales, el trato humano de 10... increible, el equipazo que formais. Sólo quería deciros Gracias, gracias y un millón  de gracias. Sois increíbles!!",a month ago,"Hola Miriam
Gracias por tus comentarios. Estamos contentos de poder ayudarte porque esa es nuestra misión.",2024-03-01 19:54:54.765177,Madrid,"Calle de Pleyades, 25",Hospital Universitario La Zarzuela
4.0,Esta bien,a month ago,"Gracias por la confianza que depositas en nosotros, pues nos ayuda a seguir prestando el mejor servicio desde nuestros centros.",2024-01-03 19:54:54.765177,Madrid,"Calle de Pleyades, 25",Hospital Universitario La Zarzuela
1.0,"Las urgencias por debajo de la seguridad social. Muchísima espera, ha bajado la calidad. Hora y media para un triage? Es una vergüenza.",2 months ago,"Sentimos la valoración obtenida. Estamos comprometidos con el aprendizaje y la mejora continua; por eso, por favor, ponte en contacto con nosotros en teescuchamos-zarzuela@sanitas.es con tus datos, para conocer mejor la situación.  [+info. sobre como tratamos tus datos personales en www.sanitas.es/gdpr]",2024-01-03 19:54:54.765177,Madrid,"Calle de Pleyades, 25",Hospital Universitario La Zarzuela
1.0,"Han pasado de un sistema de cita previa para determinadas pruebas como el test de aliento de helicobacter, a tener que ir sin cita con lo que el tiempo de espera se dispara. No se entiende, la verdad.",2 months ago,"Sentimos la valoración obtenida. Estamos comprometidos con el aprendizaje y la mejora continua; por eso, por favor, ponte en contacto con nosotros en teescuchamos-zarzuela@sanitas.es con tus datos, para conocer mejor la situación.  [+info. sobre como tratamos tus datos personales en www.sanitas.es/gdpr]",2024-01-03 19:54:54.765177,Madrid,"Calle de Pleyades, 25",Hospital Universitario La Zarzuela
4.0,"Mi hospital de referencia desde que tengo uso de razón. Tiene sus pros y sus contras, ha habido momentos en los que no he estado contenta con alguna situación concreta pero, en general, es un muy buen hospital, con grandes profesionales y unas instalaciones inmejorables",2 months ago,"Gracias por la confianza que depositas en nosotros, pues nos ayuda a seguir prestando el mejor servicio desde nuestros centros.",2024-01-03 19:54:54.765177,Madrid,"Calle de Pleyades, 25",Hospital Universitario La Zarzuela
4.0,"Citas rapidas, muy agradables en el departamento de radiología",2 months ago,"Hola Laura
Gracias por tus comentarios. Estamos contentos de poder ayudarte porque esa es nuestra misión.",2024-01-03 19:54:54.765177,Madrid,"Calle de Pleyades, 25",Hospital Universitario La Zarzuela
3.0,"Me cuesta mucho poder hablar con él profesional, en este caso e Psiquiatría para casos urgentes, como lo que estoy padeciendo. No me extraña que haya suicidios . No hay un seguimiento formal y médicos con vocación para esta difícil y peligrosa enfermedad, pues hay veces que es inaguantable y más si se toma la medicación equivocada para ciertos cuerpos. Es terrible, el aumento de ansiedad  al no poder contactar para saber el  qué poder hacer.¡Ni siquiera para pedir cita!…",2 months ago,"Hola M Carmen. Nos importa mucho tu opinión y nos gustaría darte una atención personal. Para ello, por favor mándanos un Email a teescuchamos-zarzuela@sanitas.es con tus datos de contacto. Muchas gracias. [+info. sobre como tratamos tus datos personales en www.sanitas.es/gdpr]",2024-01-03 19:54:54.765177,Madrid,"Calle de Pleyades, 25",Hospital Universitario La Zarzuela
1.0,"Lo que viví el día 1 de diciembre en esta urgencia fue estrambótico. Acompañé al hijo de mi pareja por un dolor abdominal, después de esperar casi una hora para el triaje (dos personas triando) y casi otra hora para ser valorado por un médico, nos meten en el box vital con otras dos personas más en sillones y otro en una camilla ! Soy médico desde hace 35 años y sólo he visto esto durante la pandemia. Utilizar un vital para reducir números en los tiempos de espera es cuánto menos cuestionable.
Por mucho paciente que haya en el servicio, jamás se debe usar el vital para poner pacientes, y menos 4.
Es mejor hacer esperar a los pacientes no graves, o ir derivando, que ocupar este espacio.
Jamás en mi vida he visto algo semejante.
Además de la cuestionable calidad del personal médico, cada vez peor.
Por otro lado dar siempre las gracias a las enfermeras, que son las que dan siempre la cara y siempre con una sonrisa.",2 months ago,"Hola Fernando. Sentimos la valoración obtenida. Estamos comprometidos con el aprendizaje y la mejora continua; por eso, si lo deseas, por favor, ponte en contacto con nosotros en teescuchamos-zarzuela@sanitas.es con tus datos, para conocer mejor la situación.  [+info. sobre como tratamos tus datos personales en www.sanitas.es/gdpr]",2024-01-03 19:54:54.765177,Madrid,"Calle de Pleyades, 25",Hospital Universitario La Zarzuela
3.0,"La verdad que me ha decepcionado este Hospital.
El servicio de enfermería bastante malo, siempre se salva algún profesional.
Después de la intervención, me dijeron que orinase en la botella para ver el color y la cantidad y al día siguiente, seguían sin venir todavía, incluso me marché y la botella seguía igual.
Por la noche estás dormido y a las 23:30h te despiertan para darte una pastilla para dormir.
Incluso el último día, tuve que pedir que me curasen las heridas de la intervención quirúrgica.
Las habitaciones bien y limpias.
Las comidas un desastre, malas, incomibles, menos mal que eran escasas y no tenías tiempo de sufrirlas.",2 months ago,"Hola José María. Sentimos la valoración obtenida. Estamos comprometidos con el aprendizaje y la mejora continua; por eso, si lo deseas, por favor, ponte en contacto con nosotros en teescuchamos-zarzuela@sanitas.es con tus datos, para conocer mejor la situación.  [+info. sobre como tratamos tus datos personales en www.sanitas.es/gdpr]",2023-12-04 19:54:54.765177,Madrid,"Calle de Pleyades, 25",Hospital Universitario La Zarzuela
1.0,"El servicio es bueno, coger cita telefónica o que te ayuden fuera de la App (que es lenta para obtener resultados) por ejemplo para analíticas, resonancias, etc. es HORROROSO; no te llaman, no suben pruebas y si vas a recoger nunca están hasta reclamar varias veces. La atención al cliente es NEFASTA.",2 months ago,"Hola Bruno. Sentimos la valoración obtenida. Estamos comprometidos con el aprendizaje y la mejora continua; por eso, si lo deseas, por favor, ponte en contacto con nosotros en teescuchamos-zarzuela@sanitas.es con tus datos, para conocer mejor la situación.  [+info. sobre como tratamos tus datos personales en www.sanitas.es/gdpr]",2023-12-04 19:54:54.765177,Madrid,"Calle de Pleyades, 25",Hospital Universitario La Zarzuela
1.0,"Horrible la experiencia. Antes de la pandemia las urgencias pediátricas del hospital tenían muchas más calidad.
Acudo con un niño que se ha dado un golpe en la cabeza y dentro de las 24 primeras horas se marea y le duele la cabeza. Tuve que volver 3 veces cada vez con más mareos; ganas de vomitar y dolor de cabeza. También 37,7 de fiebre.
No le hacen lo que por protocolo deberían hacer hecho que es un TAC, pero es que ni una radiografía!
Sin embargo le hacen una prueba de gripe y del estreptococo! Cuando al niño no le duele la garganta! Por supuesto las 2 pruebas negativas.
El primer día 3 horas esperando casi; el Segundo unas 2 y el tercero ya voy por la primera hora de espera.
Una vergüenza.",3 months ago,"Queremos mejorar siempre. Por favor, si lo deseas, puedes escribirnos a en teescuchamos-zarzuela@sanitas.es con tus datos y así conocer la situación de primera mano. Muchas gracias. [+info. sobre como tratamos tus datos personales en www.sanitas.es/gdpr]",2023-12-04 19:54:54.765177,Madrid,"Calle de Pleyades, 25",Hospital Universitario La Zarzuela
4.0,"Excelente atención médica.  Fui por urgencias sábado noche, con ictericia,  además recién operada de pecho, y me atendieron rápidamente. Estuve ingresada más de una semana. Me tuvieron que realizar  endoscopia para extracción de piedra vesicular. En todo momento muy buena información médica tanto por parte de cirujanos, como de doctores de digestivo. Añadido que llevaba mi problema de reciente operación y también me examinó cirujano plástico. Muy buena habitación, la comida no entro a valorar porque estuve a dieta casi todos los días por mis problemas digestivos. Valoro de EXCELENTE la atención médica  y enfermeras ( con variables, algunos más amables que otros, pero en general bien) .El punto negro es la falta de personal de auxilio, sobre todo tardes y festivos. Imposible necesitar algo , y , estando como estaba que no podía mover los brazos hubiese agradecido un poco de colaboración por su parte. Pasan , cada uno con su concreta función, y  ni se ofrecen para ayudar, tuvo que pedir mi marido que me ayudasen con la ducha; por no decir que estuve con la cuña puesta y manchada como veinte minutos esperando. Sales al pasillo y no hay nadie. Totalmente hay una clara falta de personal auxiliar y que estén dispuestos a darte un poco de ayuda que no sea traer bandejas y cambiar las sábanas. Está diseñado para que estés perfectamente bien, o te lleves acompañante las 24 horas. No para una persona convaleciente como fue mi caso, y fueron varios días de ingreso.
Una lástima, porque yo estoy encantada con el hospital, las consultas que sigo yendo y con todo, pero desde luego en la planta 1 , por las tardes y los festivos, muy desatendido de personal auxiliar.",3 months ago,"Muchas gracias Beatriz por su reseña, tomaremos en cuenta todas sus indicaciones hablando con el responsable. Muchas gracias",2023-12-04 19:54:54.765177,Madrid,"Calle de Pleyades, 25",Hospital Universitario La Zarzuela
5.0,"Un hospital que al menos por mi parte podemos definir perfecto. En mi experiencia con el embarazo de mi mujer, desde el primer minuto en el que pisamos ginecología todo fue sencillo.
Especial mencion a la doctora Elisa Diaz De Terán, quien con su positivismo, sonrisas y profesionalidad nos ha acompañado en un embarazo movidito y ha conseguido que todo salga no bien sino perfecto!!
También mencionar la magnífica atención de Vicente orenga, el cual desde que le conocimos en urgencias una noche de mucho nervio y después en consulta con la doctora sabe llegar perfectamente al paciente y nos transmitió muchísima calma, seguridad y sobre todo nos ganó de por vida con la profesionalidad que tiene en todo, tanto la doctora Elisa como Vicente estuvieron en nuestro parto y jamás olvidaremos la presencia de ambos allí, los dos más importantes en todo este proceso.
El doctor Alberto bustos también, magnífico profesional quien nos ha apoyado tanto en el parto como en consultas y todo pueden ser palabras buenas.",3 months ago,"Muchísimas Gracias por su valoración Victor.
Trasladamos su felicitación a los responsables",2023-12-04 19:54:54.765177,Madrid,"Calle de Pleyades, 25",Hospital Universitario La Zarzuela
1.0,"De un tiempo a esta parte, atención lamentable, incluso en las urgencias. Listas de espera como en la Seguridad Social. Agendas siempre cerradas. Absoluta falta de seriedad y cada vez menor profesionalidad de algunos de sus médicos.
Mejor evitar.",3 months ago,"Lamentamos su valoración haya sido negativa. Si necesita que le ayudemos con algún tema, cita, por favor escribanos a dirgerenciahlz@sanitas.es. Un saludo",2023-12-04 19:54:54.765177,Madrid,"Calle de Pleyades, 25",Hospital Universitario La Zarzuela
5.0,"Acudí a este hospital por recomendaciones de conocidos pero en primera persona puedo decir lo mismo, recomendable 100%. Durante todo el embarazo  mi experiencia ha sido excepcional.  Agradezco enormemente el trato profesional y cercano recibido. También han sido los encargados de traer a mi hijo en las mejores condiciones y con los mejores profesionales. Destaco positivamente la infraestructura en el área de maternidad. Agradezco enormemente al equipo UCI neonatos y a la ginecóloga Díaz Terán por su excelente servicio y su labor impecable en todo el proceso.",3 months ago,"Muchísimas gracias por su valoración. Trasladamos su mensaje a la persona responsable.
Un saludo",2023-12-04 19:54:54.765177,Madrid,"Calle de Pleyades, 25",Hospital Universitario La Zarzuela
1.0,"Imposible cancelar una cita. Tras 5 llamadas y envío de correo, desisto.
Que si salta a sanitas , que si llame al hospital, que si le paso con mis compañeros… en fin",3 months ago,"Hola Susana, con que médico y servicio quiere la cita.
mándenos un mail a dirgerenciahlz@sanitas.es o 915858199
Gracias",2023-12-04 19:54:54.765177,Madrid,"Calle de Pleyades, 25",Hospital Universitario La Zarzuela
1.0,"Hoy tenía una cita en quirófano de Dermatología
Vivimos lejos de la zona y desgraciadamente hemos tenido un accidente en el camino y hemos llegado 20 minutos tarde.
Al llegar, la persona de recepción, con muy poca empatía y un cierto aire de despotismo nos ha “abroncado” al llegar….¿Venís a quirófano verdad? Pues es que su cita era a las 18.20 y llega vd a las 18.40… así que la doctora se ha marchado. (Debía tener prisa por marcharse de fin de semana)
“le ha esperado 10 minutos”  interpela .. y me quedo sin ser atendido
Curiosamente, esta misma semana tuve que esperar yo a ser atendido 45 minutos en la misma consulta.
No se porqué pagamos, cada vez dan peor servicio.",3 months ago,"Buenos días, 

Quiere que le gestionemos  nueva cita?, si es asi me encargo personalmente, pero envíenos un mail con sus datos al dirgerenciahlz@sanitas.es.
Muchas gracias  y perdonad lo sucedido
Un saludo",2023-12-04 19:54:54.765177,Madrid,"Calle de Pleyades, 25",Hospital Universitario La Zarzuela
1.0,"Una auténtica vergüenza voy con mi hija de 10 años, gritando de dolor con una gastroenteritis y como tarde en llegarUrgencia pediátrica   luego de pasar por admisión sacaron a mi hija de sistema y pasaron 2 horas nunca la atendieron Nunca volveremos",3 months ago,"Lamemtamos lo sucedido. Nos puede dejar el nombre de su hija en dirgerenciahlz@sanitas.es para hablar con el responsable, para ver que ha sucedido'
Muchas gracias",2023-12-04 19:54:54.765177,Madrid,"Calle de Pleyades, 25",Hospital Universitario La Zarzuela
5.0,"Genial experiencia,",3 months ago,"Gracias por tu valoración, pues nos ayuda a seguir mejorando para vosotros, nuestros pacientes.",2023-12-04 19:54:54.765177,Madrid,"Calle de Pleyades, 25",Hospital Universitario La Zarzuela
1.0,"La Zarzuela de Sanitas se trata de un hospital en el que una vez dentro cada especialidad es independiente (o un reino de taifas).

Mi tía, invidente y con cáncer, fue tratada por lo que se creen ahí los doctores una “eminencia” que al darla por desahuciada tiempo le faltó para derivarla a una residencia a que se muriera allí. Mi familia, por desconocimiento médico hizo caso a todo lo que nos recomendó el doctor. Eso nos obligó a no estar con mi tía por ser inmunodeficiente y ya en última instancia a ingresarla en una residencia (de Sanitas pero una auténtica maravilla). En el último mes de vida, mi tía tuvo que ir en 3 ocasiones a urgencias. En esas 3 ocasiones dicha eminencia no fue capaz de darnos resultados de las pruebas que le hicieron.

En la última vez que ingresó en urgencias por fiebre, se la consiguieron bajar y de mala manera la volvieron a enviar a la residencia. En la residencia, escandalizados de como había vuelto mi tía, nos plantearon los paliativos que debían de habérselos mandado en el hospital. De manera inmediata los pidieron. No obstante, al día y medio de darla el alta en el hospital, fallece.

Una auténtica vergüenza que un hospital con dicho renombre que dicen tener hayan dado de alta a una persona que se muere al día y medio después. Algo falla. Y no para más INRI nos llega un mensaje recordándonos que tenemos una cita con la eminencia habiendo muerto encima en instalaciones de Sanitas.

En definitiva, espero que se tome este testimonio como protesta para que familiares que lean esto lleven a sus seres queridos a otro sitio donde vayan a estar mejor informados y desde luego que el paciente esté bien atendido con más humanidad.",,,2023-11-04 19:54:54.765177,Madrid,"Calle de Pleyades, 25",Hospital Universitario La Zarzuela
1.0,"Contraté la operación/tratamiento de Microespuma para hemorroides, haciéndome todas las pruebas que me pidieron para saber si era apto para esta operación, electrocardiograma, colonoscopia....y me dijeron que si. Me dieron 3 sesiones y el problema que tenía de sangrado no se me ha solucionado y me contestan que no me pueden dar más sesiones ni devolverme el dinero que pagué porque me han dado las 3 sesiones que se incluye en el precio, cuando los médicos cirujanos me dijeron que con este tratamiento iba a solucionar mi problema, porque si me llegan a decir que no es seguro que me sea efectivo no lo pago.
Aparte las pruebas COVID que tuve que hacerme en en Hospital antes de la intervención no están incluidas en el precio ni las consultas telefónicas de después con el cirujano para saber como te encuentras. Me siento estafado y engañado.

NOTA EDITADA: A fecha 26 de Octubre me contestan del departamento de reclamaciones y me contestan que el tratamiento no es eficaz al 100%, que yo contraté 3 sesiones y me negué a hacerme pruebas diagnósticas. Son unos impresentables y mentirosos, yo nunca me he negado a hacerme ninguna prueba porque no me ofrecieron nada, solo decirme que como me dieron 3 sesiones no me devuelven el dinero.
Qué el personal médico mienta de esa manera me parece que es que no tienen vergüenza ni la conocen. Dinero perdido...",4 months ago,"Queremos mejorar siempre. Por favor, si lo deseas, puedes escribirnos a en teescuchamos-zarzuela@sanitas.es con tus datos y así conocer la situación de primera mano. Muchas gracias. [+info. sobre como tratamos tus datos personales en www.sanitas.es/gdpr]",2023-11-04 19:54:54.765177,Madrid,"Calle de Pleyades, 25",Hospital Universitario La Zarzuela
5.0,"He acudido a este Hospital por una cuestión muy importante y delicada para mi y me he encontrado con unos profesionales extraordinarios, tanto en Radiodiagnostico (Dra. Sofia, Anton y Yania), Recepción de  Radiodiagnostico (Srta. Feli) y Ginecología (Dr.Torres) que han demostrado una calidad humana y una profesionalidad fuera de lo comun. Muchas gracias!!!!",5 months ago,"Hola Violeta,
Gracias por dedicarnos tiempo y comunicarnos tu opinión. Trasmitiremos tus comentarios al equipo :)
Que tengas un buen día.",2023-11-04 19:54:54.765177,Madrid,"Calle de Pleyades, 25",Hospital Universitario La Zarzuela
5.0,"Estoy encantada con este hospital, sus servicios y su personal.
Tuve a mi niño allí hace una semana y es que solo puedo decir cosas bonitas de todo el equipo ginecológico del centro, en especial de José Alberto Bustos, maravilloso. Millones de gracias, siempre, por vuestra atención y trato, hicisteis que todo fuese un paseo. Gracias.",4 months ago,"Muchas gracias por depositar su confianza en el hospital.
Gracias desde la Direccion del hospital.",2023-11-04 19:54:54.765177,Madrid,"Calle de Pleyades, 25",Hospital Universitario La Zarzuela
1.0,Dejan al paciente con una escayola dos semanas más sin saber que hacer tras una operación porque el doctor se va de baja y no ponen un reemplazo. Mala información y largos tiempos para un servicio privado,3 months ago,"Nos importa mucho tu opinión y nos gustaría darte una atención personal. Para ello, si lo deseas, mándanos un Email a teescuchamos-zarzuela@sanitas.es con tus datos de contacto. Muchas gracias. [+info. sobre como tratamos tus datos personales en www.sanitas.es/gdpr]",2023-11-04 19:54:54.765177,Madrid,"Calle de Pleyades, 25",Hospital Universitario La Zarzuela
1.0,"Hemos recibido un trato lamentable y desagradable a más no poder hoy en el departamento de radiología.

Han tenido de todo menos cuidado con un bebé de 3 meses en la ecografía, poniéndole en una posición totalmente innecesaria para la zona a ecografiar. Además se nos han realizado comentarios totalmente fuera de lugar y sin venir a cuento pidiéndonos explicaciones de por qué no queremos o queremos darle un chupete a nuestro bebé.

Después de la ecografía nos han echado de la sala de espera donde habíamos parado después de la eco a dar el pecho al bebé para que se tranquilizase.

Desde luego una profesional, por llamarla de alguna manera, totalmente desactualizada, sin educación y de un trato que no he recibido tan malo en tiempo.

0 recomendable ir con bebés a radiología.",3 months ago,"Sentimos la valoración obtenida. Estamos comprometidos con el aprendizaje y la mejora continua; por eso, por favor, si lo deseas, puedes ponerte en contacto con nosotros en teescuchamos-zarzuela@sanitas.es con tus datos, para conocer mejor la situación.  [+info. sobre como tratamos tus datos personales en www.sanitas.es/gdpr]",2023-11-04 19:54:54.765177,Madrid,"Calle de Pleyades, 25",Hospital Universitario La Zarzuela
1.0,"Me citaron para una resonancia magnética con contraste a las 07:20 de la mañana. Cuando me presenté la enfermera que me atendió me dijo que me habían citado mal y que podía hacérmela sin contraste y volver otro día. Le pedí si podía esperar a la hora en que hicieran contraste porque necesito esa prueba cuanto antes para poder establecer tratamiento de fisioterapia (y las citas ya van por noviembre). Me soltó que había otros pacientes que no tenían la culpa y no me iban a hacer hueco, y que ella llevaba allí desde las 6 de la mañana (sin ser consciente de que ella cobra por estar allí, mientras yo pago por un servicio que no me dieron).

Atención al paciente no llegaba hasta hora y media más tarde, según me indicó la chica del mostrador de arriba, que aprovechó para decirme que aunque estuviera allí, no tenía ni que contestarme porque estaba cerrado.

En resumen: el respeto y la empatía brillan por su ausencia; y lo mínimo que puedes hacer si alguien de tu compañía ha cometido un error es pedir disculpas en su nombre y tratar de ofrecer alguna alternativa para corregirlo, no tratar mal al paciente

La gasolina, el parking y el atasco de vuelta no me los paga nadie, pero esta reseña queda aquí para que veamos que la Sanidad privada igual no vale lo que cuesta y mucho peor se pueden poner las cosas si la pública nos falla.",3 months ago,"Nos importa mucho tu opinión y nos gustaría darte una atención personal. Para ello, si lo deseas, puedes enviarnos un email a teescuchamos-alcorcon@sanitas.es con tus datos de contacto. Muchas gracias. [+info. sobre como tratamos tus datos personales en www.sanitas.es/gdpr]",2023-11-04 19:54:54.765177,Madrid,"Calle de Pleyades, 25",Hospital Universitario La Zarzuela
3.0,Con la sala de espera vacía llevamos más de una hora de espera en urgencias. entiendo que hay urgencias más importantes que otras pero tiene pinta de que se debe a una enorme falta de médicos.,3 months ago,"Hola Rocio,
Gracias por tomar el tiempo de compartir tu punto de vista. Lamentamos sinceramente la experiencia que has tenido en nuestro establecimiento. 
Con nuestras disculpas, te deseamos un buen día.",2023-11-04 19:54:54.765177,Madrid,"Calle de Pleyades, 25",Hospital Universitario La Zarzuela
5.0,Todo perfecto y limpio gracıas famılıa de sanitas.,4 months ago,"Hola Ismail,
¡Gracias por habernos dejado una reseña tan positiva! Nos alegra enormemente que hayas pasado un buen momento con nosotros. Nos esforzamos mucho por ofrecer un servicio de calidad  y tu reseña nos anima a continuar así",2023-11-04 19:54:54.765177,Madrid,"Calle de Pleyades, 25",Hospital Universitario La Zarzuela
1.0,Muy mala atención al cliente. Minutos de espera constantes al teléfono sin atender ni proporcionar soluciones,4 months ago,"Nos importa mucho tu opinión y nos gustaría darte una atención personal. Para ello, si lo deseas, puedes enviarnos un email a teescuchamos-zarzuela@sanitas.es. Muchas gracias. [+info. sobre como tratamos tus datos personales en www.sanitas.es/gdpr]",2023-11-04 19:54:54.765177,Madrid,"Calle de Pleyades, 25",Hospital Universitario La Zarzuela
3.0,"En general muy bien salvo en oftalmología, que si no vas a una revision tendrás la misma información que si vas. No me dijeron si la graduación de mis gafas era la adecuada y me dilataron sin avisarme, cuando tenía que volver conduciendo. De locos!",5 months ago,"Hola Helenca, 
Te agradecemos el tiempo que has dedicado a compartir tus impresiones con nosotros y, sin duda, transmitiremos tu mensaje a los equipos. 
¡Hasta pronto!",2023-10-05 19:54:54.765177,Madrid,"Calle de Pleyades, 25",Hospital Universitario La Zarzuela
5.0,"Atención muy buena , rapidez",5 months ago,Muchas gracias por compartir tu experiencia. Nuestros profesionales agradecen tus comentarios y siempre nos animan a seguir mejorando la atención que presta nuestro hospital.,2023-10-05 19:54:54.765177,Madrid,"Calle de Pleyades, 25",Hospital Universitario La Zarzuela
5.0,Hoy día 24 de septiembre acudí a Urgencias de este hospital. Me atendieron rápido. La atención excelente por parte de las enfermeras Gloria y Amparo. Muchísimas gracias por su humanidad y comprensión.,5 months ago,"Gracias por tu valoración, pues nos ayuda a seguir mejorando para vosotros, nuestros pacientes.",2023-10-05 19:54:54.765177,Madrid,"Calle de Pleyades, 25",Hospital Universitario La Zarzuela
1.0,"Esta mañana en la cafetería me han cobrado el vaso donde me han servido el café, me dicen que su empresa así se lo han ordenado.  ¡ la primera vez que me ocurre una cosa así !",5 months ago,"Estimado/a cliente,
Te agradecemos el tiempo que has dedicado a escribirnos y te pedimos disculpas por las molestias que has sufrido.
Tendremos en cuenta tus comentarios. 
Que tengas un buen día.",2023-10-05 19:54:54.765177,Madrid,"Calle de Pleyades, 25",Hospital Universitario La Zarzuela
5.0,,5 months ago,"Gracias por tu valoración, pues nos ayuda a seguir mejorando para vosotros, nuestros pacientes.",2023-10-05 19:54:54.765177,Madrid,"Calle de Pleyades, 25",Hospital Universitario La Zarzuela
1.0,"Respecto al hospital, como en todos, depende de la suerte que tengas. Pero por varias experiencias vividas, nunca volvería a consentir que la Dra San Miguel me tratara a mí o a alguien de mi familia.",5 months ago,"Nos importa mucho tu opinión y nos gustaría darte una atención personal. Para ello, si lo deseas, puedes enviarnos un Email a teescuchamos-zarzuela@sanitas.es con tus datos de contacto. Muchas gracias. [+info. sobre como tratamos tus datos personales en www.sanitas.es/gdpr]",2023-10-05 19:54:54.765177,Madrid,"Calle de Pleyades, 25",Hospital Universitario La Zarzuela
1.0,He venido se urgencias a las 10 por una faringitis es la 13:30 osea 3 horas y media más tarde y todavía no me ha visto el otorrino. El peor hospital de sanitas en el que estado. Primero me han tenido 3 horas en urgencias con un nolotil y luego me mandan a otro edificio a q me vea el otorrino y esta sala vacía y no me han atendido.  No vuelvo aquí,5 months ago,"Queremos mejorar siempre. Por eso, si lo deseas, puedes escribirnos a en teescuchamos-zarzuela@sanitas.es con tus datos y así conocer la situación de primera mano. Muchas gracias. [+info. sobre como tratamos tus datos personales en www.sanitas.es/gdpr]",2023-10-05 19:54:54.765177,Madrid,"Calle de Pleyades, 25",Hospital Universitario La Zarzuela
1.0,"Jamás cogen el teléfono y cuando lo hacen te dejan en espera hasta que se cuelga. Lamentable atención y encima el laboratorio se equivoca en algo tan sensible como tu salud, pésima experiencia",5 months ago,"Sentimos la valoración obtenida. Por eso, si lo deseas, puedes escribirnos a en teescuchamos-zarzuela@sanitas.es con tus datos y así conocer la situación de primera mano. Muchas gracias. [+info. sobre como tratamos tus datos personales en www.sanitas.es/gdpr]",2023-10-05 19:54:54.765177,Madrid,"Calle de Pleyades, 25",Hospital Universitario La Zarzuela
5.0,Muy buen hospital,5 months ago,"Gracias por la confianza que depositas en nosotros, pues nos ayuda a seguir prestando el mejor servicio desde nuestros centros.",2023-10-05 19:54:54.765177,Madrid,"Calle de Pleyades, 25",Hospital Universitario La Zarzuela
1.0,"Es triste y lamentable la comida que el Hospital Sanitas La Zarzuela sirve a los enfermos.
Estáis permitiendo que ensucien vuestro nombre.
Sinceramente creo que tenéis que tomar medidas urgentes respecto al catering.
Tres días acompañando a un familiar y he tenido que salir a comprar desayuno, comida, merienda y cena por que lo que les ponéis no lo comen ni los animales.
Según entraba la bandeja, volvía a salir.
Los enfermos sin acompañante o se comen eso o se quedan sin comer.
Gracias!!!",5 months ago,"Estimado mar3228,
Damos mucha importancia al hecho de ofrecerte un servicio que se adapte perfectamente a tus expectativas y lamentamos sinceramente esta decepción. Nuestros equipos ya han sido informados y trabajan para encontrar una solución.
Que tengas un buen día",2023-10-05 19:54:54.765177,Madrid,"Calle de Pleyades, 25",Hospital Universitario La Zarzuela
5.0,"Mi felicitación a la Clínica la Zarzuela por todo el equipo que forman sanitarios y administrativos, en la prueba que me han realizado no han podido ser más profesionales y más amables, muchas gracias por la atención recibida",5 months ago,Muchas gracias por tu comentario. Todo el equipo está encantado de leerte: nos anima a continuar trabajando en esta dirección. ¡Que tengas un buen día y hasta pronto!,2023-10-05 19:54:54.765177,Madrid,"Calle de Pleyades, 25",Hospital Universitario La Zarzuela
5.0,Muy buena Atencion por parte de todo su personal. Siempre son muy puntuales en las citas. Buena limpieza en todo el hospital. La cafetería muy corrientita pero la bollería sin ninguna protección frente a los clientes.,5 months ago,Desde el hospital queremos agradecer tus opiniones y sugerencias con el fin de seguir mejorando para ofrecerte el mejor servicio. Gracias por tu colaboración.,2023-09-05 19:54:54.765177,Madrid,"Calle de Pleyades, 25",Hospital Universitario La Zarzuela
1.0,"El servicio de otorrinolaringología deja bastante que desear. Tras hacerme un estudio, me dijeron que estaba todo bien, y que me fuera y que hiciera la consulta a otra especialidad. No me dieron ninguna explicación de los resultados de las pruebas. La atención ofrecida por la Dra. Belén Vielva del Campo ha sido nefasta, la duración de la consulta ha sido de un minuto escaso.
Algo parecido sucedió con el doctor Antonio José Lara Peinado. La consulta fue tremendamente breve y no muy buena la atención ofrecida.",5 months ago,"Hola Silvia,
Lamentamos que tu visita no haya respondido a tus expectativas... Nos disculpamos y tomamos en cuenta tus comentarios.
Que tengas un buen día.",2023-09-05 19:54:54.765177,Madrid,"Calle de Pleyades, 25",Hospital Universitario La Zarzuela
4.0,"Desde la experiencia de visitas para consultas externas, es un buen hospital. Atención rápida y profesional. La organización en varios edificios resulta algo confusa y el parking bastante caro y sin alternativas, pero asistencialmente nada que objetar.",5 months ago,"Hola Javier,
Estamos encantados de que tú también estés satisfecho ;) 
¡Muchas gracias de todo corazón por tu comentario!",2023-09-05 19:54:54.765177,Madrid,"Calle de Pleyades, 25",Hospital Universitario La Zarzuela
5.0,"Fui por urgencias y apenas esperé nada. El traumatologo de urgencia fue encantador Guillermo J.R., me trató genial y el diagnóstico correcto. Gracias!",6 months ago,"Hola Lolo,
¡Tus palabras significan mucho para nosotros! Nos alegra saber que estás contento con el servicio ofrecido :)
¡Todo el equipo de Hospital Sanitas La Zarzuela te desea un excelente día!",2023-09-05 19:54:54.765177,Madrid,"Calle de Pleyades, 25",Hospital Universitario La Zarzuela
4.0,"Son muy amables, la atencion con cita previa es rapida, las instalaciones son muy funcionales e higienicas, tienen un buen estacionamiento, las salas de espera son comodas, hay gran cantidad de aseos (Baños), tienen una buena accesibilidad para personas en sillas de ruedas. ofrecen todos los servicios y especialidades medicas, Estan situados en una zona de facil acceso bien sea en transporte publico o coche particular. tambien cuentan con servicio de taxi dentro de sus instalaciones. En cuanto a lo negativo,  Los precios en el cafetin restaurant son muy elevados considerando la calidad y presentacion de los alimentos,  algunos medicos hacen la consulta verbalmente, es decir si el paciente presenta una lesion o sintoma ni siquiera le tocan.  las citas en algunas especialidades las dan con un tiempo muy largo. En lineas generales los recomiendo.",6 months ago,Desde el hospital queremos agradecer tus opiniones y sugerencias con el fin de seguir mejorando para ofrecerte el mejor servicio. Gracias por tu colaboración.,2023-09-05 19:54:54.765177,Madrid,"Calle de Pleyades, 25",Hospital Universitario La Zarzuela
1.0,"Dicen no tener recursos para atender a mi hermano que tiene discapacidad intelectual.  Que me vaya al puerta de hierro, me han dicho....

No me deja responderos por lo que edito (22/08/23 10:12). He tenido que poner una reclamación en Sanidad, explicando lo que es la Humanización del Paciente, en que consiste tener TEA, qué es una negligencia médica, lo que es inclusión... y se han puesto en contacto conmigo y facilitado mucho las cosas, pero es realmente vergonzoso, que cuando alguien con TEA tiene un lugar ""seguro"" desde hace 47 años, no se le atienda de repente, salvo que se eleve una queja a Sanidad.

Es espectacular el trato que ahora está recibiendo en Oftalmología. Mi hermano ha conectado con la Doctora y ella es muy paciente y sabe llevarle...

Deberían poner en la APP (aunque me salto el tema de inclusión), una casilla de NEE o comentarios, porque no me importa ir a última hora y que tarden lo que tengan que tardar, pero no es serio pagar 9000€ al año para que me deriven a un hospital público, que me ha dado cita para marzo del 2024... Dadle una vuelta. Las personas con discapacidad, también tiene derecho a ser tratadas donde quieran (o eso dicen las medidas de apoyo aprobadas por el gobierno)",6 months ago,"Nos importa mucho tu opinión y nos gustaría darte una atención personal. Para ello, si lo deseas, puedes enviarnos un email a teescuchamos-zarzuela@sanitas.es con tus datos de contacto. Muchas gracias. [+info. sobre como tratamos tus datos personales en www.sanitas.es/gdpr].",2023-09-05 19:54:54.765177,Madrid,"Calle de Pleyades, 25",Hospital Universitario La Zarzuela
5.0,"Operada de reemplazo de cadera por el Dr Ferro.

Mi experiencia en este hospital ha sido muy positiva. La atención al paciente es de primera clase y el nivel de atención médica es excepcional.

El personal de enfermería merece una mención especial por su amabilidad y atención al detalle.

La limpieza y el mantenimiento del hospital también fueron impecables lo que contribuyó a un ambiente cómodo y seguro.",6 months ago,"Hola Lina,
¡Gracias por habernos dejado una reseña tan positiva!  Nos esforzamos mucho por ofrecer un servicio de calidad a nuestros pacientes y tu reseña nos anima a continuar así.",2023-09-05 19:54:54.765177,Madrid,"Calle de Pleyades, 25",Hospital Universitario La Zarzuela
5.0,He venido por una urgencia y en una semana me han organizado todo para una operación súper rápido todo. Un hospital de 10 con un personal de 10.,6 months ago,Muchas gracias por tu confianza. Tu comentario nos anima a prestar siempre el mejor servicio.,2023-08-06 19:54:54.765177,Madrid,"Calle de Pleyades, 25",Hospital Universitario La Zarzuela
1.0,"La comida es imposible, muy mala calidad. Entiendo que es puntual porque la cafetería está en obras y tienen que comprar la comida ya precocinada, pero hay unos mínimos de calidad que se deberían respetar…",6 months ago,"Te agradecemos el tiempo que has dedicado a escribirnos y te pedimos disculpas por las molestias que has sufrido.
Tendremos en cuenta tus comentarios.",2023-08-06 19:54:54.765177,Madrid,"Calle de Pleyades, 25",Hospital Universitario La Zarzuela
1.0,"Parto horrible, 12 horas de tortura, después  me hicieron cesárea, y los iluminados me separaron de mi bebé, no lo ví hasta el dia siguiente.
Eso sin contar que me tiré un mes con espasmos en los brazos porque me pusieron mal la epidural...
Una vez que sales no quieren saber nada, solo cobrar.",6 months ago,"Nos importa mucho tu opinión y nos gustaría darte una atención personal. Para ello, si lo deseas, puedes enviarnos un email a teescuchamos-zarzuela@sanitas.es con tus datos de contacto. Muchas gracias. [+info. sobre como tratamos tus datos personales en www.sanitas.es/gdpr]",2023-08-06 19:54:54.765177,Madrid,"Calle de Pleyades, 25",Hospital Universitario La Zarzuela
4.0,"unos profesionales muy muy muy buenos, y un hospital muy bien gestionado tanto para hacerte pruebas, como para intervenciones y admisiones.  Buenas instalaciones tb.  La comida es bastante mala y hay veces que se les olvida cosas como las intolerancies etc.
Deberian mejorar el parking!",6 months ago,Muchas gracias por tu confianza. Tu comentario nos anima a prestar siempre el mejor servicio y tomamos buena nota de tus sugerencias.,2023-08-06 19:54:54.765177,Madrid,"Calle de Pleyades, 25",Hospital Universitario La Zarzuela
1.0,,6 months ago,"Nos importa mucho tu opinión y nos gustaría darte una atención personal. Para ello, si deseas hacernos llegar tus comentarios y sugerencias puedes escribirnos a teescuchamos-zarzuela@sanitas.es con tus datos de contacto. Muchas gracias. [+info. sobre como tratamos tus datos personales en www.sanitas.es/gdpr",2023-08-06 19:54:54.765177,Madrid,"Calle de Pleyades, 25",Hospital Universitario La Zarzuela
1.0,"Estuve ingresada el 27 de junio por un parto inducido. Tocó que me metiera medicación personal en prácticas, y vi las estrellas del dolor y la molestia que me produjo, no entendí como algo tan delicado ( medicación, propex , en las partes íntimas) lo dejan a personal sin experiencia.
Después, el parto y lo demás, se dio dentro de la normalidad con las dificultades que se añadieron.
Los puntos me producían un dolor inconsolable y por más que lo decía no veían nada raro.
A la hora de darnos el alta, justo en ese momento vinieron para decirme que mi hijo se quedaba en la UCI neonatal por ictericia.
Me dijo el pediatra que habían arreglado todo para que yo me quedara una noche más ingresada ( separada de un bebé recién nacido y yo recién dada a luz). Aún así vino la ginecóloga para preguntar por que no había abandonado la habitación. Mi hermana la escucho a ella y otra auxiliar decir que por que no me iba, aún cuando el pediatra me dijo que al menos una noche me podía quedar que estaba ya hablado con ginecología. Esa noche me quedé ingresada al menos.
En la mayoría de hospitales, incluidos la SS, los ingresos por ictericia no se realizan en la UCI, y están acondicionados para que el bebé esté en una habitación con la madre ( recién dada a luz). Aquí, no. Solo habilitan un sillón al lado de la minicuna con la lámpara. Seguía con un dolor insoportable, y solo podía sentarme en un sillón súper bajo. Sentía que me desgarraba cada vez que me sentaba para darle el pecho a mi chiquitín, y lo mismo cuando tenia que levantarme.
Además es una sala sin apenas luz natural. Esa planta no tiene baño para los acompañantes de los niños en la UCI, por lo que como podía tenia que bajar a la planta baja cuando necesitaba ir al baño.
Solo tuvieron a mi hijo 12 horas con luz, el resto de los tres días me decían que estaba en observación por no hacerme volver al día siguiente para repetirle la prueba. Yo no entendí como para no tener ningún tipo de tratamiento ni medicación no nos dejaban ir a casa. Yo seguía muerta del dolor, con los pies como botas y como podía por que no quería dejar solo a mi hijo recién nacido.
Finalmente, en la revisión de mis puntos, me indicaron que me habían cosido muy fuerte los puntos y que me habían saltado casi todos. No se si de haber podido descansar, que no me permitieron unas circunstancias más humanas, aunque estuvieran fuertes no hubieran saltado, pero si sé que dije un sin fin de veces que me dolía muchísimo y no me hicieron caso. No ha sido una experiencia buena para nada en absoluto, y de esta experiencia me llevo una cicatriz horrible que ya no volvieron a coser. No somos personas, somos números y los pacientes no les importan.",6 months ago,"Hola Toñi. Sentimos la valoración obtenida y tomamos buena nota de tus comentarios. Estamos comprometidos con el aprendizaje y la mejora continua; por eso, si lo deseas, puedes escribirnos a teescuchamos-zarzuela@sanitas.es con tus datos, para conocer mejor la situación.  [+info. sobre como tratamos tus datos personales en www.sanitas.es/gdpr]",2023-08-06 19:54:54.765177,Madrid,"Calle de Pleyades, 25",Hospital Universitario La Zarzuela
5.0,,6 months ago,"Gracias por tu valoración, pues nos ayuda a seguir mejorando para vosotros, nuestros pacientes.",2023-08-06 19:54:54.765177,Madrid,"Calle de Pleyades, 25",Hospital Universitario La Zarzuela
1.0,Te acudes al hospital para realizar una prueba de vídeo E. E.G. diurno (2 horas de prueba). Están en obras y en la habitación donde deberías estar tranquilo y dormido hace un ruido horrible por obras. Parece de chiste! Martes 25/07/2023.,6 months ago,"Gracias por compartir tu opinión. Para nosotros es muy importante vuestra valoración y seguir mejorando. Por ello, si lo deseas, puedes escribirnos a teescuchamos-zarzuela@sanitas.es [+info. sobre como tratamos tus datos personales en www.sanitas.es/gdpr].",2023-08-06 19:54:54.765177,Madrid,"Calle de Pleyades, 25",Hospital Universitario La Zarzuela
5.0,,6 months ago,"Muchas gracias por tu tiempo y valoración, que nos ayuda sin duda a seguir mejorando para vosotros, nuestros pacientes.",2023-08-06 19:54:54.765177,Madrid,"Calle de Pleyades, 25",Hospital Universitario La Zarzuela
1.0,"3 horas en urgencias para una radiografía, vergonzoso",6 months ago,"Hola Alberto, 
Sentimos que tu visita no haya ido como esperabas. Trabajamos constantemente para mejorar nuestro servicio y esperamos que nos des otra oportunidad.",2023-08-06 19:54:54.765177,Madrid,"Calle de Pleyades, 25",Hospital Universitario La Zarzuela
1.0,"Soy Eulalia Zubiaurre, el día 5 de Mayo, el Neurocirujano.... Operó a mi cuñado del cuello, según el la operación era muy urgente, mi cuñado nadaba, caminaba.... Salió de la operación sin mover nada de su cuerpo, sondado, no sentía sus extremidades, el Médico dice que la operación estaba perfecta. A los dos días al
le operar otra vez de urgencias. Al poco tiempo dicen que allí no puede estar, nos buscamos la vida y le llevamos a un hospital para lesiones medulares.a los tres días aspira una flema y fallece el día 25 de Julio,  en ningún momento le trabajaron para que pudiese tose, típico en tetraplegicos

Esto no puede quedar así.",,,2023-08-06 19:54:54.765177,Madrid,"Calle de Pleyades, 25",Hospital Universitario La Zarzuela
1.0,"Espero de verdad que no elijáis este hospital para venir a urgencias y que os tengan que ingresar. Todo es un despropósito. Mañana mismo pido el alta voluntaria y voy a otro hospital porque sigo esperando en una sala de la urgencias y nadie ha venido a hablar conmigo para informarme de absolutamente nada y llevo aquí 13 horas. Te ponen mal la vía, avisas de que se sale el líquido por fuera en tres ocasiones y ni caso, hasta que empieza a sangrar. Te tumban en una cama sin almohada y cuando le pido a la enfermera por favor que me dé una me contesta que NO HAY (así de seca y sin más explicaciones) cuando por lo que llego es por un dolor insoportable en el cuello que ni con morfina se me quitaba. Como la miro con cara de estar flipando por su contestación, la misma tiparraca mira a otra cama vacía que hay al lado y que sí que tiene y dice “pues sí que hay almohadas, toma esta”.
Les pregunto cuando llevo ya allí más de seis horas que si saben cuando me van a subir a una habitación y primero me dicen que no hay habitaciones y luego que es porque están esperando el resultado de la PCR que me ha hecho para poderme subir. PERO SI NO ME HAN HECHO NINGUNA PCR TODAVÍA!!!!
El traumatólogo (pienso que lo era) que finalmente se digna a bajar a verme me dice que lo que tengo es una contractura en el trapecio y que me vaya porque hasta que no empiece la rehabilitación no voy a mejorar. Les exijo que me hagan algún tipo de prueba como una radiografía o resonancia porque el dolor es inaguantable. Me la hacen a regañadientes y mostrando el médico su enfado por exigirla. Al fina baja y me dice que tengo dos hernias cervicales y que una de ellas está lesionando un nervio.
Resultado, operación urgente pero claro está que pedí traslado al hospital de Sanchinarro para que me operaran allí.
Y no sigo porque me canso ya de escribir.
En resumen, nunca vayáis a urgencias de la Zarzuela, id a la seguridad social que te atenderán igual o mejor.",,,2023-08-06 19:54:54.765177,Madrid,"Calle de Pleyades, 25",Hospital Universitario La Zarzuela
1.0,"La cafetería del hospital es una auténtica estafa. Te cobran 2,40 € por un café que está muy regular, pero lo mejor es que encima de cobrarte este importe por un café mediocre, te lo sirven siempre en un vaso de cartón por lo que además te cobran otros 15 céntimos mas.",6 months ago,"Hola A,
Entendemos tu insatisfacción y tomamos en cuenta tu comentario para transmitirlo a los departamentos correspondientes. Que tengas un buen día.",2023-08-06 19:54:54.765177,Madrid,"Calle de Pleyades, 25",Hospital Universitario La Zarzuela
1.0,"Estan en obras en la cafeteria y traen comida prefabricada.. una auténtica …… la comida no se puede comer. Una ……... hay que comprar comida  para que coman los enfermos y no se pongan  peor mientras estan aqui..Nadie come nada.. Un cafe 2,30 y te cobran el vaso aparte… El aire acondicionado no funciona.. No es normal como está el hospital con lo que era.. y  como está ahora.",6 months ago,"Hola Merche,
Lamentamos sinceramente que hayas vivido esta experiencia en el hospital.
Entendemos tu insatisfacción y tomamos en cuenta tu comentario para transmitirlo a los departamentos correspondientes.",2023-08-06 19:54:54.765177,Madrid,"Calle de Pleyades, 25",Hospital Universitario La Zarzuela
1.0,muy mala experiancia ，madrona fatal ！！sin experiancia ， no ebserva bolsa rota de embarazo en urgencia ，olvidar de firmar papel amarilla。,6 months ago,"Gracias por compartir tu opinión. Para nosotros es muy importante vuestra valoración y seguir mejorando. Por ello, si lo deseas, puedes escribirnos a teescuchamos-zarzuela@sanitas.es con tus datos de contacto [+info. sobre como tratamos tus datos personales en www.sanitas.es/gdpr]",2023-08-06 19:54:54.765177,Madrid,"Calle de Pleyades, 25",Hospital Universitario La Zarzuela
5.0,"5* para Almudena De la Llave Rodríguez del Servicio de Logofoniatría. Una profesional excepcional, muy didáctica. Una fortuna haberla encontrado .",6 months ago,"Gracias por la confianza que depositas en nosotros, pues nos ayuda a seguir prestando el mejor servicio desde nuestros centros.",2023-08-06 19:54:54.765177,Madrid,"Calle de Pleyades, 25",Hospital Universitario La Zarzuela
5.0,"Desde que me mudé a Madrid este ha sido mi hospital en el que he depositado toda mi confianza. Siempre me han tratado de 10, el personal totalmente capacitado y dispuesto a tratar a los pacientes. En urgencias son súper rápidos y diligentes. Gracias gracias gracias !!",7 months ago,"Gracias a ti, Roberto por compartir tu experiencia, que nos anima a seguir trabajando para ofrecer el mejor servicio.",2023-08-06 19:54:54.765177,Madrid,"Calle de Pleyades, 25",Hospital Universitario La Zarzuela
5.0,"Profesionalidad y amabilidad. A destacar la atención prestada por Noelia, recepcionista de la especialidad de Digestivo, empatizando y buscando el mejor servicio posible  para el paciente",7 months ago,"Gracias por la confianza que depositas en nosotros, pues nos ayuda a seguir prestando el mejor servicio desde nuestros centros.",2023-08-06 19:54:54.765177,Madrid,"Calle de Pleyades, 25",Hospital Universitario La Zarzuela
5.0,,7 months ago,"Gracias por tu valoración, pues nos ayuda a seguir mejorando para vosotros, nuestros pacientes.",2023-07-07 19:54:54.765177,Madrid,"Calle de Pleyades, 25",Hospital Universitario La Zarzuela
5.0,Un gran médico doctor Ferro y todo su equipo de quirofano.Muy agradecida sin duda  sigo confiando en el.Gracias.,7 months ago,Muchas gracias por tu comentario. Todo el equipo está encantado de leerte: nos anima a continuar en esta dirección. ¡Que tengas un buen día y hasta pronto!,2023-07-07 19:54:54.765177,Madrid,"Calle de Pleyades, 25",Hospital Universitario La Zarzuela
4.0,,7 months ago,"Gracias por tu valoración, pues nos ayuda a seguir mejorando para vosotros, nuestros pacientes",2023-07-07 19:54:54.765177,Madrid,"Calle de Pleyades, 25",Hospital Universitario La Zarzuela
1.0,"Muy mala atencion, poca empatia... falta de asuncion de responsabilidades... antes de venir a este hospital id al de la moraleja... tambien es sanitas y la atencion es mejor",8 months ago,"Nos importa mucho tu opinión y nos gustaría darte una atención personal. Para ello, por favor mándanos un Email a teescuchamos-zarzuela@sanitas.es con tus datos de contacto. Muchas gracias. [+info. sobre como tratamos tus datos personales en www.sanitas.es/gdpr]",2023-07-07 19:54:54.765177,Madrid,"Calle de Pleyades, 25",Hospital Universitario La Zarzuela
1.0,"Pésima atención, muy poca empatía con los pacientes.",8 months ago,"Sentimos la valoración obtenida. Estamos comprometidos con el aprendizaje y la mejora continua; por eso, vuestra opinión nos importa tanto y la transmitiremos a los departamentos correspondientes.",2023-07-07 19:54:54.765177,Madrid,"Calle de Pleyades, 25",Hospital Universitario La Zarzuela
5.0,Gran trato por parte del doctor Pulido e Isabel del grupo ginecológico edificio G. Sin duda seguiré revisándome en estas consultas. Muchas gracias por vuestra atención y cuidados.,8 months ago,Muchas gracias por tu confianza. Tu comentario nos anima a prestar siempre el mejor servicio :),2023-07-07 19:54:54.765177,Madrid,"Calle de Pleyades, 25",Hospital Universitario La Zarzuela
5.0,"Soy paciente oncologico y tengo mi seguro con Sanitas , para mi es un hospital de 10 , en cuanto a trato médico, especialistas ,como en atención para citas todo te lo facilitan tanto en recepción , como por la aplicación .
En cuanto a ingresos, habitaciones muy amplias y limpias y el trato de los enfermeros de 10 .
El trato en el edifico de oncología solo tengo buenas palabras, seguido de ginecólogos y cirujano plástico .
Sin duda seguiré tratándome allí .",8 months ago,"Gracias Keka por la confianza que depositas en nosotros, pues nos ayuda a seguir prestando el mejor servicio desde nuestro hospital.",2023-07-07 19:54:54.765177,Madrid,"Calle de Pleyades, 25",Hospital Universitario La Zarzuela
1.0,"Te ofrecen un servicio de parto “humanizado/ parto respetado”. Que hay que contratar, es el
Servicio de la bañera para parir sin epidural.
Al momento de contratarlo luego de que llevo 9 meses yendo a este hospital por que una de las razones que lo elegí fue esta.
Me dicen que no pueden brindar ese servicio.
Así que de respeto y humanización no tiene nada si tengo que parir a costa de cómo se le da la gana al hospital.

NO ENTIENDO LA RAZÓN de que ofrezcan algo que no tienen una falta total de respeto hacia el paciente.",8 months ago,"Sentimos la valoración obtenida. Estamos comprometidos con el aprendizaje y la mejora continua; por eso, por favor, ponte en contacto con nosotros en teescuchamos-zarzuela@sanitas.es con tus datos, para conocer mejor la situación.  [+info. sobre como tratamos tus datos personales en www.sanitas.es/gdpr]",2023-07-07 19:54:54.765177,Madrid,"Calle de Pleyades, 25",Hospital Universitario La Zarzuela
5.0,"Experiencia de operación más ingreso de varios días. El proceso ha sido excepcional de principio a fin, tanto por parte del personal como las instalaciones del hospital. Médicos, enfermeros/as, auxiliares, celadores, hasta el personal de limpieza, me han dado un trato humano por encima de lo que hacen en cualquier otro centro de los que he estado. He tenido un proceso difícil y me he visto muy arropada en todo momento. El hospital tiene varios edificios, instalaciones nuevas y renovadas de aspecto moderno. Las habitaciones son amplias. Baño grande, tienen una terraza y una zona de armarios independiente. La comida que ofrecen en los ingresos está muy buena. Te dan la opción de elegir menú cuando te quedas varios días y es la mejor que he probado de hospitales. Felicidades a los/as cocineros. Mención especial para dos profesionales: la Dra Virseda y el Dr. Pablo Nuñez, gracias por vuestra profesionalidad, conocimientos, ayuda y trato. Solo tengo palabras de agradecimiento para ellos y para este centro.",11 months ago,"Hola Lara
Gracias por tus comentarios. Estamos contentos de poder ayudarte porque esa es nuestra misión.",2023-07-07 19:54:54.765177,Madrid,"Calle de Pleyades, 25",Hospital Universitario La Zarzuela
3.0,"Experiencia de ingreso de 1 día. Nada que ver con el ingreso que tuve hace 3 meses. Por favor cambiar la comida, sé que tenéis la cafetería en obras pero esos paquetes que dais están incomibles, ni en un hospital público... Las enfermeras los abren y les echan la sal, me queje sin saber esto de que el puré estaba muy salado y me pusieron dieta sin sal sin preguntarme. Coincidió con el fin de semana y tardaban bastante en atenderte en los avisos. La verdad que porque he vivido otra operación totalmente diferente y buena, sino lo juzgaría mucho peor",8 months ago,"Sentimos la valoración obtenida. Estamos comprometidos con el aprendizaje y la mejora continua; por eso, te agradecemos tu opinión, que trasladaremos a los departamentos correspondientes.",2023-07-07 19:54:54.765177,Madrid,"Calle de Pleyades, 25",Hospital Universitario La Zarzuela
1.0,PESIMO! jamas te atienden en la zarzuela,8 months ago,"Queremos mejorar siempre. Por favor, si lo deseas, escríbenos a en teescuchamos-zarzuela@sanitas.es con tus datos y así conocer la situación de primera mano. Muchas gracias. [+info. sobre como tratamos tus datos personales en www.sanitas.es/gdpr]",2023-07-07 19:54:54.765177,Madrid,"Calle de Pleyades, 25",Hospital Universitario La Zarzuela
5.0,"He acudido esta mañana para una gastroscopia y quería felicitar a todo el equipo y compartir mi grata experiencia públicamente. Tanto el Dr. anestesista como la Dra que me realizó la gastroscopia encantadores, delicados y muy profesionales. El personal en general igual de agradable y cualificado. Muchas gracias por hacer de una prueba incómoda y que te produce estrés, una simple estancia o siestecilla de 20 minutos! Se agradece mucho el trato.",8 months ago,"Gracias por la confianza que depositas en nosotros, pues nos ayuda a seguir prestando el mejor servicio desde nuestros centros.",2023-06-07 19:54:54.765177,Madrid,"Calle de Pleyades, 25",Hospital Universitario La Zarzuela
5.0,,9 months ago,"Hola катя,
Gracias por dedicarnos tiempo y comunicarnos tu opinión.
Que tengas un buen día",2023-06-07 19:54:54.765177,Madrid,"Calle de Pleyades, 25",Hospital Universitario La Zarzuela
5.0,"Teníamos cita para un TAC con sedación y al llegar tuvimos un problema porque no figuraba la sedación, pero tanto anestesistas como la Doctora y resto de personal se portaron fenomenal y lo solucionaron rápidamente. No puedo poner ninguna pega ya que fueron muy atentos, cariñosos con El Niño y sobre todo profesionales. Muchas gracias.",9 months ago,"¡Gracias por tu comentario! 
Estamos orgullosos de saber que la experiencia en nuestro establecimiento ha sido de tu agrado. 
Que tengas un buen día, 
El equipo Hospital Sanitas La Zarzuela.",2023-06-07 19:54:54.765177,Madrid,"Calle de Pleyades, 25",Hospital Universitario La Zarzuela
5.0,"Tuve a mi primera hija el 29 de diciembre de 2022 aquí y la atención de las matronas y enfermeras fue perfecta! Tenía todos los miedos que una madre primeriza puede tener y me acompañaron y dieron apoyo todo el tiempo. Fue una cesárea perfecta, con mucha contención y profesionales de lujo. Todas muy jovencitas y super profesionales, se nota la vocación que tienen. Desde el primer segundo controlaron todo el tiempo a la bebé y estuvieron super atentos a cualquier cosa, para mí fue una tranquilidad enorme saber que estaba en buenas manos. Muchas gracias! Sin dudas una experiencia inolvidable.",9 months ago,Muchas gracias por compartir tu experiencia. Nuestros profesionales agradecen tus comentarios y siempre nos animan a seguir mejorando la atención que prestamos.,2023-06-07 19:54:54.765177,Madrid,"Calle de Pleyades, 25",Hospital Universitario La Zarzuela
4.0,"""La Zarzuela"" es un buen hospital . El personal es muy profesional y los doctores son realmente buenos. Te atienden con una calidad que te deja tranquilo y seguro de que estás en buenas manos.
Las instalaciones están impecables. Además, el ambiente es acogedor, lo que ayuda a reducir los nervios que siempre se tienen al visitar un hospital.
Lo mejor de todo es que tienen la última tecnología en todas las especialidades. Desde las máquinas hasta los equipos médicos, todo es de última generación. Esto se traduce en diagnósticos más precisos y tratamientos más efectivos.
El unico “pero” que le pondría es que a veces el tiempo de espera para alguna especialidad es demasiado largo. Ejemplo: resonancia magnética 1 mes",9 months ago,"Hola Antonio,
¡Gracias por tu valoración positiva! Gracias por compartir con nosotros tus  sugerencias, que transmitiremos al equipo correspondiente. Quedamos a tu disposición y te deseamos una excelente tarde.
¡Un saludo!",2023-06-07 19:54:54.765177,Madrid,"Calle de Pleyades, 25",Hospital Universitario La Zarzuela
1.0,Pésima gestión de reserva de citas. Acabas yendo a clínicas fuera del seguro.,9 months ago,"Gracias por compartir tu opinión. Para nosotros es muy importante vuestra valoración y seguir mejorando. Si lo deseas, puedes hacernos llegar tus sugerencias a  teescuchamos-zarzuela@sanitas.es [+info. sobre como tratamos tus datos personales en www.sanitas.es/gdpr]",2023-06-07 19:54:54.765177,Madrid,"Calle de Pleyades, 25",Hospital Universitario La Zarzuela
1.0,"Inaceptable, una vez mas, una hora de espera para una cita medica. Nos dan hora a las 10 y nos atienden a las 11. No entiendo por que nos faltan al respeto de esta forma. Ademas, se jactan de mensajes como el de la foto adjunta… inexplicable",9 months ago,"Nos importa mucho tu opinión y nos gustaría darte una atención personal. Para ello, por favor, si lo deseas, puedes escribirnos a teescuchamos-zarzuela@sanitas.es con tus datos de contacto. Muchas gracias. [+info. sobre como tratamos tus datos personales en www.sanitas.es/gdpr]",2023-06-07 19:54:54.765177,Madrid,"Calle de Pleyades, 25",Hospital Universitario La Zarzuela
5.0,"Excelente atención y lo más importante es que tienen buena comunicacion entre los especialistas que ahí se encuentran y eso ayuda a solucionar los problemas del paciente. Se tardaron un poco pero bueno, durante todo ese tiempo me hicieron pruebas nasales y revisión de todo tipo sali feliz y contenta porque encontraron la cura a mi problema y me dieron medicación intravenosa para venirme a casa tranquila.",10 months ago,Muchas gracias por compartir tu experiencia. Nuestros profesionales agradecen tus comentarios y siempre nos animan a seguir mejorando la atención que presta nuestro hospital.,2023-05-08 19:54:54.765177,Madrid,"Calle de Pleyades, 25",Hospital Universitario La Zarzuela
1.0,"Imposible hablar con este hospital por teléfono. Con suerte después de varias llamadas te acaban cogiendo en la centralita, pero al pasarte al área deseada, cirugía digestiva en mi caso, tampoco te cogen el teléfono. Desesperante.",10 months ago,"Nos importa mucho tu opinión y nos gustaría darte una atención personal. Para ello, por favor mándanos un Email a teescuchamos-zarzuela@sanitas.es con tus datos de contacto. Muchas gracias. [+info. sobre como tratamos tus datos personales en www.sanitas.es/gdpr]",2023-05-08 19:54:54.765177,Madrid,"Calle de Pleyades, 25",Hospital Universitario La Zarzuela
1.0,"Toda mi vida yendo a este hospital y ha pegado un bajón de calidad tremendo, con consecuencias muy graves para los pacientes. En Urgencias llegó mi abuela con una caída, le hicieron una radiografía, le dijeron que no tenía nada y tres días después sin poder respirar, tenía una costilla rota y no habían sido capaces de verlo. Mi madre llegó ayer con una caída grave, no podía mover la pierna, muchísimo dolor. De nuevo le hicieron una radiografía y el médico de urgencias le dice que no tiene nada, que analgésicos y ya. Una noche espantosa de dolor, la.pierma entera negra... vamos al puerta de hierro hoy y tiene la tibia rota. Me molesto en escribir esta reseña porque ya es grave la de fallos muy graves que se están cometiendo en este hospital.",10 months ago,"Nos importa mucho tu opinión. Para ello, si lo deseas, puedes ponerte en contacto con nosotros a través del email a teescuchamos-zarzuela@sanitas.es, con tus datos de contacto. Muchas gracias. [+info. sobre como tratamos tus datos personales en www.sanitas.es/gdpr]",2023-05-08 19:54:54.765177,Madrid,"Calle de Pleyades, 25",Hospital Universitario La Zarzuela
1.0,"Hace años era sinónimo de calidad. Hoy es sinónimo de hospital casi de un pais sudamericano con el 90% de los médicos que te atienden en planta y urgencias extranjeros con deficiente preparación y exceso de ego. Sólo vale para cirugía programada. Si es algo grave ni se te ocurra ir a urgencias. Solo cosas que no peligre tu vida, cosas banales y partos. En planta lo peor es la comida. Absolutamente incomestible. Las habitaciones muy bien. Buen servicio de limpieza.",10 months ago,"Queremos mejorar siempre. Si lo deseas, por favor, escríbenos a en teescuchamos-zarzuela@sanitas.es con tus datos para así conocer la situación de primera mano. Muchas gracias. [+info. sobre como tratamos tus datos personales en www.sanitas.es/gdpr]",2023-05-08 19:54:54.765177,Madrid,"Calle de Pleyades, 25",Hospital Universitario La Zarzuela
5.0,"Fue atendido muy bien, en menos de media hora ya estaba con las recetas médicas para mi tratamiento. Hicieron test de covid y gripe. Todos muy atenciosos.",10 months ago,Muchas gracias por tu confianza. Tu comentario nos anima a prestar siempre el mejor servicio.,2023-05-08 19:54:54.765177,Madrid,"Calle de Pleyades, 25",Hospital Universitario La Zarzuela
2.0,"Lamentable atención en Urgencias pediátricas, decepción absoluta por el trato recibido por quienes son los primeros a los que les puedes contar lo que le pasa a tu hijo, 2 de la mañana y ellos sólo necesitan que les muestres  la tarjeta, porque no tienen los medios para localizarte por el nombre o por la tarjeta virtual, por lo que tienes que dar la vuelta al edificio e ir a las Urgencias generales a registrar los datos, ante mi nerviosismo porque mi hijo no se tenía en pie y aún nadie me había preguntado qué le pasaba me han respondido desairados y con muy mal tono, ninguna empatía con la situación ninguna mano izda. Muy decepcionada. Es  en este tipo de situaciones donde se ve la calidad del servicio y de los profesionales y sinceramente  por lo que he vivido hoy no están en absoluto a la altura.",10 months ago,"Sentimos la valoración obtenida. Estamos comprometidos con el aprendizaje y la mejora continua; por eso, si lo deseas, puedes contactar con nosotros en teescuchamos-zarzuela@sanitas.es con tus datos, para conocer mejor la situación.  [+info. sobre como tratamos tus datos personales en www.sanitas.es/gdpr]",2023-04-08 19:54:54.765177,Madrid,"Calle de Pleyades, 25",Hospital Universitario La Zarzuela
5.0,"Muchísimas gracias a todo el equipo de la doctora Viana y a todo el personal. Calidad humana y trato muy por encima de nuestras expectativas. Lola, Borja y Carlos",11 months ago,Muchas gracias por tu confianza. Tu comentario nos anima a prestar siempre el mejor servicio.,2023-04-08 19:54:54.765177,Madrid,"Calle de Pleyades, 25",Hospital Universitario La Zarzuela
5.0,,10 months ago,"Muchas gracias por tu tiempo y valoración, que nos ayuda sin duda a seguir mejorando para vosotros, nuestros pacientes.",2023-04-08 19:54:54.765177,Madrid,"Calle de Pleyades, 25",Hospital Universitario La Zarzuela
1.0,Desastre absoluto. Mucho cuidado con entrar a formar parte de esta sociedad. En Marzo del 23 estan dando citas para Agosto pero sin agenda todavia. Me recomiendan llamar cada 15 días y probar suerte. Mi cuota se debe abonar como si tuviera un servicio q no tengo. Sobredimensionado en usuarios pero muy deficiente en servicios.,11 months ago,"si nos quiere dejar sus datos en dirgerenciahlz@sanitas.es, podemos ver con qué medico y especialidad quiere la cita.Gracias",2023-04-08 19:54:54.765177,Madrid,"Calle de Pleyades, 25",Hospital Universitario La Zarzuela
1.0,"Desbordados. Imposible una cita presecial,o telefónica o video llamada. Como se les ha podido ir asi de las manos el servicio al paciente?",11 months ago,"si nos quiere dejar sus datos en dirgerenciahlz@sanitas.es, podemos ver con qué medico y especialidad quiere la cita.Gracias",2023-04-08 19:54:54.765177,Madrid,"Calle de Pleyades, 25",Hospital Universitario La Zarzuela
5.0,"Quiero destacar en especial el trato recibido por una trabajadora, su nombre es Cristina Ribera Torres, está en el edificio A.
Hemos salido muy satisfechos de la intervención que le han hecho a mi padre y ella nos ha facilitado mucho el tema de la tramitación, una gran profesional",11 months ago,Desde el hospital queremos agradecer tus opiniones y sugerencias con el fin de seguir mejorando para ofrecerte el mejor servicio. Gracias por tu colaboración.,2023-04-08 19:54:54.765177,Madrid,"Calle de Pleyades, 25",Hospital Universitario La Zarzuela
2.0,"La atención telefónica para dar fechas nefasta, poca o nada empatia, nada de rapidez y mala atención en general. Creo que como bien hospital que es deberían de formar más  a las personas de atención al paciente. Los médicos excelentes y profesionales pero atención telefónica  0.",11 months ago,Nos gustaría conocer mejor qué ha ocurrido y mejorar nuestro servicio. Para ello: ¿podrías escribirnos a teescuchamos-zarzuela@sanitas.e con tus datos? [+info. sobre como tratamos tus datos personales en www.sanitas.es/gdpr],2023-04-08 19:54:54.765177,Madrid,"Calle de Pleyades, 25",Hospital Universitario La Zarzuela
1.0,"Me hacen una gastroscopia con biopsia (incluyendo sedación) y como han cambiado un departamento, no tienen mi informe, ni ellos ni Sanitas! Me parece increíble ... y nadie se hace responsable.",11 months ago,"Nos importa mucho tu opinión y nos gustaría darte una atención personal. Para ello, por favor mándanos un Email a teescuchamos-zarzuela@sanitas.es con tus datos de contacto. Muchas gracias. [+info. sobre como tratamos tus datos personales en www.sanitas.es/gdpr",2023-04-08 19:54:54.765177,Madrid,"Calle de Pleyades, 25",Hospital Universitario La Zarzuela
1.0,"Acudimos a este hospital para que a un familiar le implantaran un balón gástrico. En la consulta del profesional de digestivo ""se nos informó"" de todo lo bueno que la implantación suponía, pero respecto de los riesgos nos dijeron que no había conocido ningún caso de rechazo, que era algo muy extraño. Confiamos en las palabras del Dr. Alvarado. Pero desde la implantación todo fueron problemas, que según ese doctor eran normales (dolor, vómitos, deshidratación...) Mi familiar acabó al mes por no poder ingerir agua sin vomitar hasta que tuvo un dolor fortísimo en los riñones, acabando en urgencias del Hospital Universitario de Toledo con un cólico renal y un ingreso de una semana. Le tuvieron que quitar el balón en la Zarzuela y la misma tarde había una persona que también le habían implantado el riñón el mismo día que a mi familiar y que también se lo quitaban por múltiples problemas. Está claro que no es tan raro que el balón cause muchos problemas, más bien es algo que puede suceder.
Como ya habíamos pagado todo el tratamiento, y somos de fuera de Madrid, pedimos la devolución correspondiente a los 2 años de seguimiento (psicólogo y nutricionista), y no nos han devuelto nada, sin molestarse ni siquiera en contestarnos.
Creo que este hospital oculta la información negativa sobre los problemas de rechazo del riñón adrede y luego , si pasan, se desentienden. Su interés es solo económico.",11 months ago,"Nos importa mucho tu opinión y nos gustaría darte una atención personal. Para ello, por favor mándanos un Email a teescuchamos-zarzuela@sanitas.es con tus datos de contacto. Muchas gracias. [+info. sobre como tratamos tus datos personales en www.sanitas.es/gdpr]",2024-03-01 19:54:54.765177,Madrid,"Calle de Pleyades, 25",Hospital Universitario La Zarzuela
5.0,"Trato humano, profesionales estupendos y magníficas instalaciones. El mejor hospital de Madrid a mi entender.",11 months ago,Queremos agradecer tus opiniones y sugerencias con el fin de seguir mejorando para ofrecerte el mejor servicio. Gracias por tu colaboración.,2024-03-01 19:54:54.765177,Madrid,"Calle de Pleyades, 25",Hospital Universitario La Zarzuela
1.0,"Mal servicio por parte del dentista Vilar Sancho Rafael, me ha dejado un diente con sensibilidad cosa que no me molestaba antes de el tocarlo y otro diente que solo tenía que quitar una pequeña mancha de nada  me lo dejó súper ancho de un lado y se lo dije apenas terminó, ya que vió mi cara de no estar contenta, que por estar pendiente a la conversación que tenía con su ayudante no prestaba atención a lo que estaba haciendo, fatal y pésimo servicio volví para que lo solucionará y lo ha dejado igual. Poco profesional.
Ahora me toca ir a un verdadero profesional para que me solucione el destrozo de esta persona.",11 months ago,"Sentimos la valoración obtenida. Estamos comprometidos con el aprendizaje y la mejora continua; por eso, por favor, ponte en contacto con nosotros en teescuchamos-zarzuela@sanitas.es con tus datos, para conocer mejor la situación.  [+info. sobre como tratamos tus datos personales en www.sanitas.es/gdpr]",2024-03-01 19:54:54.765177,Madrid,"Calle de Pleyades, 25",Hospital Universitario La Zarzuela
5.0,"Quiero felicitar a Pilar la administrativa de la Unidad del Dolor , sin ella los clientes  estarían  desatendidos.Menos mal que has vuelto.",a year ago,"Hola Mayte,
Gracias por dedicarnos tiempo y comunicarnos tu opinión.
Que tengas un buen día,",2024-03-01 19:54:54.765177,Madrid,"Calle de Pleyades, 25",Hospital Universitario La Zarzuela
3.0,"Primero quiero resaltar el trabajo de la matrona que ha sido nuestro angel, Erika, fue lo que nos salvo de la mala experiencia.

Quiero contar mi experiencia en mi parto , que he tenido el dia 7 de febrero 2023.
Escogímos la Zarzuela, por su protocolo de PARTO RESPETADO, aun quedándome a 1 hora de casa, y haciendo un esfuerzo cada control y cada consulta durante el preparto con lo que me suponia trasladarme hasta alli.

El dia que me puse de parto estaba de 2 cm, no me querian ingresar a la sala de dilatación por lo que me mandaron a casa y luego al regresar me mantuvieron desde las 6 hasta las 9 , mientras con vómitos por el dolo, y sin moverme, por los cables de los monitores.

Nos pasaron a la sala de dilatación, y todo mi plan de parto se cayo por el suelo, los monitores inalámbricos que había pedido esos meses, no los tenian disponibles, por lo que me dejaron anclada a un sitio por los cables.
Lo primero fue que al entrar a la habitación, me cerro en la cara la puerta de la sala de dilatación la matrona de turno ( no era Erika) donde estaban la bañera, las telas para colgarme, la fitball, la silla de parto.
A lo que le dije , pero yo me he venido hasta aqui para poder usar eso, a lo cual no supo que responderme me dijo, emmm no se puede, le pregunto a mi compañero y nunca mas apareció.

El trabajo de dilatación lo hice sin moverme a penas, y gracias al trabajo de Erika que pude ir avanzando.

Cuando llego el momento del expulsivo, fue el peor momento, ya que la matrona estaba sola en la habitación con el padre de la bebe, yo ya estaba con la cabeza de la bebe coronando y salió la mitad, y la ginecologa no se presento hasta 5 minutos después, lo que hizo que la bebe se quede sin oxigeno x unos minutos, por lo que se lleno la sala, no me la dieron enseguida cortaron el cordón rápido y le hicieron reanimación mas limpiarle todo el cuerpo, cosas que yo tenia pedidas que no.
En mi vulnerabilidad no era capaz de pedirles que no lo hagan, todo eso hasta que el padre dijo en voz alta a toda la habitación estaís haciendo todo lo que la madre no quería, la estáis limpiando, os la habéis quitado, habéis cortado el cordón.
A lo que se quedaron todas quietas y me trajeron la bebe enseguida y se disculparon.

Luego de esta experiencia, dias después,  aun sigo llorando.",a year ago,"Nos importa mucho tu opinión y nos gustaría darte una atención personal. Para ello, por favor mándanos un Email a teescuchamos-zarzuela@sanitas.es con tus datos de contacto. Muchas gracias. [+info. sobre como tratamos tus datos personales en www.sanitas.es/gdpr]",2024-03-01 19:54:54.765177,Madrid,"Calle de Pleyades, 25",Hospital Universitario La Zarzuela
1.0,"Un año después solamente he tenido una respuesta a esta queja, a través de este mismo medio, diciendo que escriba a atención al paciente, a quien ya escribí en su momento y en su día me dijeron que ya me escribirían. Por supuesto no he escrito de nuevo.

Este medio sirve para que la gente sepa de qué va la clínica de Sanitas Zarzuela. Una atención malísima y empeorando, corroborada de nuevo por mi madre (de 89 años) hace un par de semanas, cuando fue a hacerse una prueba y le hicieron esperar 4 horas pasando frío con la batita de papel y sola, para una cosa que se tarda media hora.

Que la gente sepa dónde se mete. Esta es la SANIDAD PRIVADA, menudo timo.

Ampliamos la queja al Community Manager de Zarzuela. Lo esperable sería que la atención al cliente del hospital estuviera atenta a lo que aquí se dice, hay muchas ideas para mejorar. Entre otras las respuestas automáticas.

Esta queja es para el hospital, para la Dra. del servicio de urgencias que me atendió y para la recepcionista que estaba la tarde del día 31 de enero de 2021.
Fui a urgencias aproximadamente a las 2 y media o tres de la tarde, previamente diagnosticada de COVID. Fui porque me encontraba muy mal y tenía náuseas y diarrea.
Me llevó una ambulancia que tardó unos 40 minutos en llegar, lo cual entendí como algo normal dadas las circunstancias.
Estuve más de dos horas en la sala de espera, tiempo en el que me atendieron, me hicieron radiografía, análisis de sangre y me dieron el informe, este tiempo de espera lo consideré normal.
Sin embargo, vomité tres veces en el baño de la sala de espera. La tercera fue mientras estaba con la doctora, que no se inmutó. Nadie fue a limpiar ese baño en todo el tiempo que estuve en la sala de espera. Alrededor de 7 horas.
En el informe no consideraban necesario darme ninguna medicación preventiva para no desarrollar neumonía a causa del COVID, y no les pareció relevante esperar el dato de la Ferritina, dato, que me he enterado después, puede favorecer el abordaje precoz en los pacientes con COVID-19 que van a evolucionar de forma no favorable. Mi Ferritina era de 414 frente al máximo de 130 de referencia.
Estuve 4 horas esperando a que viniera a recogerme una ambulancia.
Cuando llevaba casi tres horas de espera, fui al mostrador de recepción a preguntar por qué no venía la ambulancia. De malos modos me dijeron que qué esperaba, que estaban muy ocupadas. Le dije que por favor mirara si se les había pasado llamarla y de malos modos me dijo que eso nunca les pasa, que esperase.
Cuando llegó la ambulancia, le pregunté al conductor si estaban muy liados, que llevaba 4 horas esperando y para mi sorpresa me dijo que no, que bueno, que él estaba cenando y por eso se había retrasado un poco más, pero que no había saturación. Parece ser que sí se les había olvidado.
Me tuvieron 7 horas esperando en una silla, en una sala llena de gente, en la que hacía mucho frío (no me quité el abrigo, la bufanda ni el gorro en todo el tiempo que estuve ahí), Con fiebre alta, frío, tos, náuseas... COVID.
Y lo peor es que en ese tiempo debieron recibir el dato de la Ferritina, pero no consideraron importante avisarme ni allí, ni después a mi casa.
A los tres días había desarrollado ya una neumonía bilateral que enseguida se convirtió en una neumonía severa y estuve ingresada 13 días, por supuesto no en La Zarzuela.",2 years ago,"Sentimos la valoración obtenida, por favor, para poder profundizar en este asunto póngase en contacto con nosotros a través de teescuchamos-zarzuela@sanitas.es y le responderemos en el menor tiempo posible. [+info. sobre como tratamos tus datos personales en www.sanitas.es/gdpr].",2024-03-01 19:54:54.765177,Madrid,"Calle de Pleyades, 25",Hospital Universitario La Zarzuela
